time,tempC,tempF,windspeedMiles,windspeedKmph,winddirDegree,winddir16Point,weatherCode,weatherIconUrl,weatherDesc,precipMM,precipInches,humidity,visibility,visibilityMiles,pressure,pressureInches,cloudcover,HeatIndexC,HeatIndexF,DewPointC,DewPointF,WindChillC,WindChillF,WindGustMiles,WindGustKmph,FeelsLikeC,FeelsLikeF,chanceofrain,chanceofremdry,chanceofwindy,chanceofovercast,chanceofsunshine,chanceoffrost,chanceofhightemp,chanceoffog,chanceofsnow,chanceofthunder,uvIndex,city
2022-08-25 01:13,23,73,4,6,218,SW,176,[{'value': 'http://cdn.worldweatheronline.com/images/wsymbols01_png_64/wsymbol_0025_light_rain_showers_night.png'}],[{'value': 'Patchy rain possible'}],0.1,0.0,91,10,6,1016,30,67,25,78,21,71,23,73,6,10,25,78,74,0,0,85,0,0,10,0,0,0,1,Umuahia
time,tempC,tempF,windspeedMiles,windspeedKmph,winddirDegree,winddir16Point,weatherCode,weatherIconUrl,weatherDesc,precipMM,precipInches,humidity,visibility,visibilityMiles,pressure,pressureInches,cloudcover,HeatIndexC,HeatIndexF,DewPointC,DewPointF,WindChillC,WindChillF,WindGustMiles,WindGustKmph,FeelsLikeC,FeelsLikeF,chanceofrain,chanceofremdry,chanceofwindy,chanceofovercast,chanceofsunshine,chanceoffrost,chanceofhightemp,chanceoffog,chanceofsnow,chanceofthunder,uvIndex,city
2022-08-25 01:14,23,73,6,9,309,NW,353,[{'value': 'http://cdn.worldweatheronline.com/images/wsymbols01_png_64/wsymbol_0025_light_rain_showers_night.png'}],[{'value': 'Light rain shower'}],1.3,0.1,96,10,6,1013,30,100,25,77,22,71,23,73,10,17,25,77,86,0,0,91,0,0,0,4,0,0,1,Yola
time,tempC,tempF,windspeedMiles,windspeedKmph,winddirDegree,winddir16Point,weatherCode,weatherIconUrl,weatherDesc,precipMM,precipInches,humidity,visibility,visibilityMiles,pressure,pressureInches,cloudcover,HeatIndexC,HeatIndexF,DewPointC,DewPointF,WindChillC,WindChillF,WindGustMiles,WindGustKmph,FeelsLikeC,FeelsLikeF,chanceofrain,chanceofremdry,chanceofwindy,chanceofovercast,chanceofsunshine,chanceoffrost,chanceofhightemp,chanceoffog,chanceofsnow,chanceofthunder,uvIndex,city
2022-08-25 01:14,22,71,3,5,177,S,353,[{'value': 'http://cdn.worldweatheronline.com/images/wsymbols01_png_64/wsymbol_0025_light_rain_showers_night.png'}],[{'value': 'Light rain shower'}],0.3,0.0,96,10,6,1016,30,66,25,76,21,70,22,71,6,10,22,71,68,0,0,80,0,0,0,0,0,0,1,Uyo
time,tempC,tempF,windspeedMiles,windspeedKmph,winddirDegree,winddir16Point,weatherCode,weatherIconUrl,weatherDesc,precipMM,precipInches,humidity,visibility,visibilityMiles,pressure,pressureInches,cloudcover,HeatIndexC,HeatIndexF,DewPointC,DewPointF,WindChillC,WindChillF,WindGustMiles,WindGustKmph,FeelsLikeC,FeelsLikeF,chanceofrain,chanceofremdry,chanceofwindy,chanceofovercast,chanceofsunshine,chanceoffrost,chanceofhightemp,chanceoffog,chanceofsnow,chanceofthunder,uvIndex,city
2022-08-25 01:14,22,72,3,5,215,SW,116,[{'value': 'http://cdn.worldweatheronline.com/images/wsymbols01_png_64/wsymbol_0004_black_low_cloud.png'}],[{'value': 'Partly cloudy'}],0.0,0.0,91,10,6,1016,30,48,25,76,21,69,22,72,6,9,25,76,0,81,0,30,77,0,0,0,0,0,1,Awka
time,tempC,tempF,windspeedMiles,windspeedKmph,winddirDegree,winddir16Point,weatherCode,weatherIconUrl,weatherDesc,precipMM,precipInches,humidity,visibility,visibilityMiles,pressure,pressureInches,cloudcover,HeatIndexC,HeatIndexF,DewPointC,DewPointF,WindChillC,WindChillF,WindGustMiles,WindGustKmph,FeelsLikeC,FeelsLikeF,chanceofrain,chanceofremdry,chanceofwindy,chanceofovercast,chanceofsunshine,chanceoffrost,chanceofhightemp,chanceoffog,chanceofsnow,chanceofthunder,uvIndex,city
2022-08-25 01:14,21,69,6,10,90,E,353,[{'value': 'http://cdn.worldweatheronline.com/images/wsymbols01_png_64/wsymbol_0025_light_rain_showers_night.png'}],[{'value': 'Light rain shower'}],1.4,0.1,95,10,6,1015,30,80,21,69,20,67,21,69,13,21,21,69,83,0,0,91,0,0,0,0,0,0,1,Bauchi
time,tempC,tempF,windspeedMiles,windspeedKmph,winddirDegree,winddir16Point,weatherCode,weatherIconUrl,weatherDesc,precipMM,precipInches,humidity,visibility,visibilityMiles,pressure,pressureInches,cloudcover,HeatIndexC,HeatIndexF,DewPointC,DewPointF,WindChillC,WindChillF,WindGustMiles,WindGustKmph,FeelsLikeC,FeelsLikeF,chanceofrain,chanceofremdry,chanceofwindy,chanceofovercast,chanceofsunshine,chanceoffrost,chanceofhightemp,chanceoffog,chanceofsnow,chanceofthunder,uvIndex,city
2022-08-25 01:14,24,75,3,5,237,WSW,116,[{'value': 'http://cdn.worldweatheronline.com/images/wsymbols01_png_64/wsymbol_0004_black_low_cloud.png'}],[{'value': 'Partly cloudy'}],0.0,0.0,88,10,6,1016,30,43,26,79,22,71,24,75,5,8,26,79,0,81,0,37,88,0,15,0,0,0,1,Yenagoa
time,tempC,tempF,windspeedMiles,windspeedKmph,winddirDegree,winddir16Point,weatherCode,weatherIconUrl,weatherDesc,precipMM,precipInches,humidity,visibility,visibilityMiles,pressure,pressureInches,cloudcover,HeatIndexC,HeatIndexF,DewPointC,DewPointF,WindChillC,WindChillF,WindGustMiles,WindGustKmph,FeelsLikeC,FeelsLikeF,chanceofrain,chanceofremdry,chanceofwindy,chanceofovercast,chanceofsunshine,chanceoffrost,chanceofhightemp,chanceoffog,chanceofsnow,chanceofthunder,uvIndex,city
2022-08-25 01:14,23,73,4,6,230,SW,116,[{'value': 'http://cdn.worldweatheronline.com/images/wsymbols01_png_64/wsymbol_0004_black_low_cloud.png'}],[{'value': 'Partly cloudy'}],0.0,0.0,91,10,6,1015,30,39,25,77,21,70,23,73,7,11,25,77,0,88,0,46,71,0,0,0,0,0,1,Makurdi
time,tempC,tempF,windspeedMiles,windspeedKmph,winddirDegree,winddir16Point,weatherCode,weatherIconUrl,weatherDesc,precipMM,precipInches,humidity,visibility,visibilityMiles,pressure,pressureInches,cloudcover,HeatIndexC,HeatIndexF,DewPointC,DewPointF,WindChillC,WindChillF,WindGustMiles,WindGustKmph,FeelsLikeC,FeelsLikeF,chanceofrain,chanceofremdry,chanceofwindy,chanceofovercast,chanceofsunshine,chanceoffrost,chanceofhightemp,chanceoffog,chanceofsnow,chanceofthunder,uvIndex,city
2022-08-25 01:14,21,70,8,13,266,W,176,[{'value': 'http://cdn.worldweatheronline.com/images/wsymbols01_png_64/wsymbol_0025_light_rain_showers_night.png'}],[{'value': 'Patchy rain possible'}],0.1,0.0,91,10,6,1012,30,70,24,76,20,67,21,70,12,20,21,70,81,0,0,82,0,0,0,0,0,0,1,Maiduguri
time,tempC,tempF,windspeedMiles,windspeedKmph,winddirDegree,winddir16Point,weatherCode,weatherIconUrl,weatherDesc,precipMM,precipInches,humidity,visibility,visibilityMiles,pressure,pressureInches,cloudcover,HeatIndexC,HeatIndexF,DewPointC,DewPointF,WindChillC,WindChillF,WindGustMiles,WindGustKmph,FeelsLikeC,FeelsLikeF,chanceofrain,chanceofremdry,chanceofwindy,chanceofovercast,chanceofsunshine,chanceoffrost,chanceofhightemp,chanceoffog,chanceofsnow,chanceofthunder,uvIndex,city
2022-08-25 01:14,23,73,3,5,172,S,353,[{'value': 'http://cdn.worldweatheronline.com/images/wsymbols01_png_64/wsymbol_0025_light_rain_showers_night.png'}],[{'value': 'Light rain shower'}],0.4,0.0,97,10,6,1016,30,73,25,77,22,72,23,73,5,8,25,77,55,0,0,91,0,0,0,0,0,0,1,Calabar
time,tempC,tempF,windspeedMiles,windspeedKmph,winddirDegree,winddir16Point,weatherCode,weatherIconUrl,weatherDesc,precipMM,precipInches,humidity,visibility,visibilityMiles,pressure,pressureInches,cloudcover,HeatIndexC,HeatIndexF,DewPointC,DewPointF,WindChillC,WindChillF,WindGustMiles,WindGustKmph,FeelsLikeC,FeelsLikeF,chanceofrain,chanceofremdry,chanceofwindy,chanceofovercast,chanceofsunshine,chanceoffrost,chanceofhightemp,chanceoffog,chanceofsnow,chanceofthunder,uvIndex,city
2022-08-25 01:14,23,73,3,5,222,SW,116,[{'value': 'http://cdn.worldweatheronline.com/images/wsymbols01_png_64/wsymbol_0004_black_low_cloud.png'}],[{'value': 'Partly cloudy'}],0.0,0.0,93,10,6,1015,30,39,25,77,21,71,23,73,6,10,25,77,0,92,0,36,87,0,0,0,0,0,1,Asaba
time,tempC,tempF,windspeedMiles,windspeedKmph,winddirDegree,winddir16Point,weatherCode,weatherIconUrl,weatherDesc,precipMM,precipInches,humidity,visibility,visibilityMiles,pressure,pressureInches,cloudcover,HeatIndexC,HeatIndexF,DewPointC,DewPointF,WindChillC,WindChillF,WindGustMiles,WindGustKmph,FeelsLikeC,FeelsLikeF,chanceofrain,chanceofremdry,chanceofwindy,chanceofovercast,chanceofsunshine,chanceoffrost,chanceofhightemp,chanceoffog,chanceofsnow,chanceofthunder,uvIndex,city
2022-08-25 01:14,23,73,5,8,175,S,122,[{'value': 'http://cdn.worldweatheronline.com/images/wsymbols01_png_64/wsymbol_0004_black_low_cloud.png'}],[{'value': 'Overcast'}],0.0,0.0,93,10,6,1015,30,94,25,78,22,71,23,73,9,15,25,78,0,85,0,94,6,0,10,0,0,0,1,Abakaliki
time,tempC,tempF,windspeedMiles,windspeedKmph,winddirDegree,winddir16Point,weatherCode,weatherIconUrl,weatherDesc,precipMM,precipInches,humidity,visibility,visibilityMiles,pressure,pressureInches,cloudcover,HeatIndexC,HeatIndexF,DewPointC,DewPointF,WindChillC,WindChillF,WindGustMiles,WindGustKmph,FeelsLikeC,FeelsLikeF,chanceofrain,chanceofremdry,chanceofwindy,chanceofovercast,chanceofsunshine,chanceoffrost,chanceofhightemp,chanceoffog,chanceofsnow,chanceofthunder,uvIndex,city
2022-08-25 01:14,22,72,2,4,258,WSW,116,[{'value': 'http://cdn.worldweatheronline.com/images/wsymbols01_png_64/wsymbol_0004_black_low_cloud.png'}],[{'value': 'Partly cloudy'}],0.0,0.0,94,10,6,1015,30,27,25,77,21,70,22,72,4,7,25,77,0,89,0,32,78,0,0,1,0,0,1,Benin-City
time,tempC,tempF,windspeedMiles,windspeedKmph,winddirDegree,winddir16Point,weatherCode,weatherIconUrl,weatherDesc,precipMM,precipInches,humidity,visibility,visibilityMiles,pressure,pressureInches,cloudcover,HeatIndexC,HeatIndexF,DewPointC,DewPointF,WindChillC,WindChillF,WindGustMiles,WindGustKmph,FeelsLikeC,FeelsLikeF,chanceofrain,chanceofremdry,chanceofwindy,chanceofovercast,chanceofsunshine,chanceoffrost,chanceofhightemp,chanceoffog,chanceofsnow,chanceofthunder,uvIndex,city
2022-08-25 01:14,20,68,3,5,229,SW,248,[{'value': 'http://cdn.worldweatheronline.com/images/wsymbols01_png_64/wsymbol_0007_fog.png'}],[{'value': 'Fog'}],0.0,0.0,98,0,0,1016,30,100,20,68,20,68,20,68,6,9,20,68,0,94,0,85,6,0,0,87,0,0,1,Ado-Ekiti
time,tempC,tempF,windspeedMiles,windspeedKmph,winddirDegree,winddir16Point,weatherCode,weatherIconUrl,weatherDesc,precipMM,precipInches,humidity,visibility,visibilityMiles,pressure,pressureInches,cloudcover,HeatIndexC,HeatIndexF,DewPointC,DewPointF,WindChillC,WindChillF,WindGustMiles,WindGustKmph,FeelsLikeC,FeelsLikeF,chanceofrain,chanceofremdry,chanceofwindy,chanceofovercast,chanceofsunshine,chanceoffrost,chanceofhightemp,chanceoffog,chanceofsnow,chanceofthunder,uvIndex,city
2022-08-25 01:14,21,69,4,7,248,WSW,116,[{'value': 'http://cdn.worldweatheronline.com/images/wsymbols01_png_64/wsymbol_0004_black_low_cloud.png'}],[{'value': 'Partly cloudy'}],0.0,0.0,94,10,6,1016,30,29,21,69,20,67,21,69,9,15,21,69,0,81,0,43,70,0,0,0,0,0,1,Enugu
time,tempC,tempF,windspeedMiles,windspeedKmph,winddirDegree,winddir16Point,weatherCode,weatherIconUrl,weatherDesc,precipMM,precipInches,humidity,visibility,visibilityMiles,pressure,pressureInches,cloudcover,HeatIndexC,HeatIndexF,DewPointC,DewPointF,WindChillC,WindChillF,WindGustMiles,WindGustKmph,FeelsLikeC,FeelsLikeF,chanceofrain,chanceofremdry,chanceofwindy,chanceofovercast,chanceofsunshine,chanceoffrost,chanceofhightemp,chanceoffog,chanceofsnow,chanceofthunder,uvIndex,city
2022-08-25 01:14,21,70,1,2,355,N,116,[{'value': 'http://cdn.worldweatheronline.com/images/wsymbols01_png_64/wsymbol_0004_black_low_cloud.png'}],[{'value': 'Partly cloudy'}],0.0,0.0,92,10,6,1016,30,32,24,75,20,68,21,70,3,4,21,70,0,94,0,42,72,0,0,0,0,0,1,Abuja
time,tempC,tempF,windspeedMiles,windspeedKmph,winddirDegree,winddir16Point,weatherCode,weatherIconUrl,weatherDesc,precipMM,precipInches,humidity,visibility,visibilityMiles,pressure,pressureInches,cloudcover,HeatIndexC,HeatIndexF,DewPointC,DewPointF,WindChillC,WindChillF,WindGustMiles,WindGustKmph,FeelsLikeC,FeelsLikeF,chanceofrain,chanceofremdry,chanceofwindy,chanceofovercast,chanceofsunshine,chanceoffrost,chanceofhightemp,chanceoffog,chanceofsnow,chanceofthunder,uvIndex,city
2022-08-25 01:14,21,70,5,8,194,SSW,143,[{'value': 'http://cdn.worldweatheronline.com/images/wsymbols01_png_64/wsymbol_0006_mist.png'}],[{'value': 'Mist'}],0.0,0.0,97,2,1,1015,30,38,24,76,21,69,21,70,9,15,21,70,0,80,0,83,8,0,0,42,0,0,1,Gombe
time,tempC,tempF,windspeedMiles,windspeedKmph,winddirDegree,winddir16Point,weatherCode,weatherIconUrl,weatherDesc,precipMM,precipInches,humidity,visibility,visibilityMiles,pressure,pressureInches,cloudcover,HeatIndexC,HeatIndexF,DewPointC,DewPointF,WindChillC,WindChillF,WindGustMiles,WindGustKmph,FeelsLikeC,FeelsLikeF,chanceofrain,chanceofremdry,chanceofwindy,chanceofovercast,chanceofsunshine,chanceoffrost,chanceofhightemp,chanceoffog,chanceofsnow,chanceofthunder,uvIndex,city
2022-08-25 01:14,23,74,3,4,215,SW,176,[{'value': 'http://cdn.worldweatheronline.com/images/wsymbols01_png_64/wsymbol_0025_light_rain_showers_night.png'}],[{'value': 'Patchy rain possible'}],0.1,0.0,91,10,6,1016,30,73,26,78,22,71,23,74,4,7,26,78,71,0,0,82,0,0,10,0,0,0,1,Owerri
time,tempC,tempF,windspeedMiles,windspeedKmph,winddirDegree,winddir16Point,weatherCode,weatherIconUrl,weatherDesc,precipMM,precipInches,humidity,visibility,visibilityMiles,pressure,pressureInches,cloudcover,HeatIndexC,HeatIndexF,DewPointC,DewPointF,WindChillC,WindChillF,WindGustMiles,WindGustKmph,FeelsLikeC,FeelsLikeF,chanceofrain,chanceofremdry,chanceofwindy,chanceofovercast,chanceofsunshine,chanceoffrost,chanceofhightemp,chanceoffog,chanceofsnow,chanceofthunder,uvIndex,city
2022-08-25 01:14,22,71,13,21,65,ENE,353,[{'value': 'http://cdn.worldweatheronline.com/images/wsymbols01_png_64/wsymbol_0025_light_rain_showers_night.png'}],[{'value': 'Light rain shower'}],1.5,0.1,93,10,6,1015,30,100,24,76,20,69,22,71,21,34,22,71,59,0,0,88,0,0,0,0,0,0,1,Dutse
time,tempC,tempF,windspeedMiles,windspeedKmph,winddirDegree,winddir16Point,weatherCode,weatherIconUrl,weatherDesc,precipMM,precipInches,humidity,visibility,visibilityMiles,pressure,pressureInches,cloudcover,HeatIndexC,HeatIndexF,DewPointC,DewPointF,WindChillC,WindChillF,WindGustMiles,WindGustKmph,FeelsLikeC,FeelsLikeF,chanceofrain,chanceofremdry,chanceofwindy,chanceofovercast,chanceofsunshine,chanceoffrost,chanceofhightemp,chanceoffog,chanceofsnow,chanceofthunder,uvIndex,city
2022-08-25 01:14,20,68,4,7,260,W,143,[{'value': 'http://cdn.worldweatheronline.com/images/wsymbols01_png_64/wsymbol_0006_mist.png'}],[{'value': 'Mist'}],0.0,0.0,95,2,1,1016,30,63,20,68,19,67,20,68,8,12,20,68,0,92,0,93,10,0,0,0,0,0,1,Kaduna
time,tempC,tempF,windspeedMiles,windspeedKmph,winddirDegree,winddir16Point,weatherCode,weatherIconUrl,weatherDesc,precipMM,precipInches,humidity,visibility,visibilityMiles,pressure,pressureInches,cloudcover,HeatIndexC,HeatIndexF,DewPointC,DewPointF,WindChillC,WindChillF,WindGustMiles,WindGustKmph,FeelsLikeC,FeelsLikeF,chanceofrain,chanceofremdry,chanceofwindy,chanceofovercast,chanceofsunshine,chanceoffrost,chanceofhightemp,chanceoffog,chanceofsnow,chanceofthunder,uvIndex,city
2022-08-25 01:14,24,74,11,17,263,W,176,[{'value': 'http://cdn.worldweatheronline.com/images/wsymbols01_png_64/wsymbol_0025_light_rain_showers_night.png'}],[{'value': 'Patchy rain possible'}],0.1,0.0,84,10,6,1014,30,54,26,78,21,69,24,74,16,26,26,78,89,0,0,94,0,0,10,0,0,0,1,Kano
time,tempC,tempF,windspeedMiles,windspeedKmph,winddirDegree,winddir16Point,weatherCode,weatherIconUrl,weatherDesc,precipMM,precipInches,humidity,visibility,visibilityMiles,pressure,pressureInches,cloudcover,HeatIndexC,HeatIndexF,DewPointC,DewPointF,WindChillC,WindChillF,WindGustMiles,WindGustKmph,FeelsLikeC,FeelsLikeF,chanceofrain,chanceofremdry,chanceofwindy,chanceofovercast,chanceofsunshine,chanceoffrost,chanceofhightemp,chanceoffog,chanceofsnow,chanceofthunder,uvIndex,city
2022-08-25 01:14,24,75,14,22,258,WSW,116,[{'value': 'http://cdn.worldweatheronline.com/images/wsymbols01_png_64/wsymbol_0004_black_low_cloud.png'}],[{'value': 'Partly cloudy'}],0.0,0.0,78,10,6,1014,30,29,26,78,20,68,24,75,21,34,26,78,0,85,0,30,75,0,10,0,0,0,1,Katsina
time,tempC,tempF,windspeedMiles,windspeedKmph,winddirDegree,winddir16Point,weatherCode,weatherIconUrl,weatherDesc,precipMM,precipInches,humidity,visibility,visibilityMiles,pressure,pressureInches,cloudcover,HeatIndexC,HeatIndexF,DewPointC,DewPointF,WindChillC,WindChillF,WindGustMiles,WindGustKmph,FeelsLikeC,FeelsLikeF,chanceofrain,chanceofremdry,chanceofwindy,chanceofovercast,chanceofsunshine,chanceoffrost,chanceofhightemp,chanceoffog,chanceofsnow,chanceofthunder,uvIndex,city
2022-08-25 01:14,25,77,6,10,213,SSW,116,[{'value': 'http://cdn.worldweatheronline.com/images/wsymbols01_png_64/wsymbol_0004_black_low_cloud.png'}],[{'value': 'Partly cloudy'}],0.0,0.0,81,10,6,1014,30,47,27,81,21,71,25,77,11,18,27,81,0,89,0,35,70,0,18,0,0,0,1,Birnin-Kebbi
time,tempC,tempF,windspeedMiles,windspeedKmph,winddirDegree,winddir16Point,weatherCode,weatherIconUrl,weatherDesc,precipMM,precipInches,humidity,visibility,visibilityMiles,pressure,pressureInches,cloudcover,HeatIndexC,HeatIndexF,DewPointC,DewPointF,WindChillC,WindChillF,WindGustMiles,WindGustKmph,FeelsLikeC,FeelsLikeF,chanceofrain,chanceofremdry,chanceofwindy,chanceofovercast,chanceofsunshine,chanceoffrost,chanceofhightemp,chanceoffog,chanceofsnow,chanceofthunder,uvIndex,city
2022-08-25 01:14,22,72,0,1,227,SW,119,[{'value': 'http://cdn.worldweatheronline.com/images/wsymbols01_png_64/wsymbol_0003_white_cloud.png'}],[{'value': 'Cloudy'}],0.0,0.0,94,10,6,1016,30,65,25,77,21,70,22,72,1,1,25,77,0,94,0,88,16,0,0,0,0,0,1,Lokoja
time,tempC,tempF,windspeedMiles,windspeedKmph,winddirDegree,winddir16Point,weatherCode,weatherIconUrl,weatherDesc,precipMM,precipInches,humidity,visibility,visibilityMiles,pressure,pressureInches,cloudcover,HeatIndexC,HeatIndexF,DewPointC,DewPointF,WindChillC,WindChillF,WindGustMiles,WindGustKmph,FeelsLikeC,FeelsLikeF,chanceofrain,chanceofremdry,chanceofwindy,chanceofovercast,chanceofsunshine,chanceoffrost,chanceofhightemp,chanceoffog,chanceofsnow,chanceofthunder,uvIndex,city
2022-08-25 01:14,22,72,4,7,218,SW,113,[{'value': 'http://cdn.worldweatheronline.com/images/wsymbols01_png_64/wsymbol_0008_clear_sky_night.png'}],[{'value': 'Clear'}],0.0,0.0,93,10,6,1016,30,20,25,76,21,69,22,72,8,13,25,76,0,88,0,0,87,0,0,0,0,0,1,Ilorin
time,tempC,tempF,windspeedMiles,windspeedKmph,winddirDegree,winddir16Point,weatherCode,weatherIconUrl,weatherDesc,precipMM,precipInches,humidity,visibility,visibilityMiles,pressure,pressureInches,cloudcover,HeatIndexC,HeatIndexF,DewPointC,DewPointF,WindChillC,WindChillF,WindGustMiles,WindGustKmph,FeelsLikeC,FeelsLikeF,chanceofrain,chanceofremdry,chanceofwindy,chanceofovercast,chanceofsunshine,chanceoffrost,chanceofhightemp,chanceoffog,chanceofsnow,chanceofthunder,uvIndex,city
2022-08-25 01:14,25,77,8,13,231,SW,113,[{'value': 'http://cdn.worldweatheronline.com/images/wsymbols01_png_64/wsymbol_0008_clear_sky_night.png'}],[{'value': 'Clear'}],0.0,0.0,78,10,6,1016,30,15,27,80,21,69,25,77,11,18,27,80,0,85,0,0,89,0,15,0,0,0,1,Ikeja
time,tempC,tempF,windspeedMiles,windspeedKmph,winddirDegree,winddir16Point,weatherCode,weatherIconUrl,weatherDesc,precipMM,precipInches,humidity,visibility,visibilityMiles,pressure,pressureInches,cloudcover,HeatIndexC,HeatIndexF,DewPointC,DewPointF,WindChillC,WindChillF,WindGustMiles,WindGustKmph,FeelsLikeC,FeelsLikeF,chanceofrain,chanceofremdry,chanceofwindy,chanceofovercast,chanceofsunshine,chanceoffrost,chanceofhightemp,chanceoffog,chanceofsnow,chanceofthunder,uvIndex,city
2022-08-25 01:14,22,72,4,7,262,W,116,[{'value': 'http://cdn.worldweatheronline.com/images/wsymbols01_png_64/wsymbol_0004_black_low_cloud.png'}],[{'value': 'Partly cloudy'}],0.0,0.0,92,10,6,1015,30,51,25,77,21,70,22,72,8,13,25,77,0,92,0,33,88,0,0,0,0,0,1,Lafia
time,tempC,tempF,windspeedMiles,windspeedKmph,winddirDegree,winddir16Point,weatherCode,weatherIconUrl,weatherDesc,precipMM,precipInches,humidity,visibility,visibilityMiles,pressure,pressureInches,cloudcover,HeatIndexC,HeatIndexF,DewPointC,DewPointF,WindChillC,WindChillF,WindGustMiles,WindGustKmph,FeelsLikeC,FeelsLikeF,chanceofrain,chanceofremdry,chanceofwindy,chanceofovercast,chanceofsunshine,chanceoffrost,chanceofhightemp,chanceoffog,chanceofsnow,chanceofthunder,uvIndex,city
2022-08-25 01:14,22,71,1,1,147,SSE,113,[{'value': 'http://cdn.worldweatheronline.com/images/wsymbols01_png_64/wsymbol_0008_clear_sky_night.png'}],[{'value': 'Clear'}],0.0,0.0,91,10,6,1015,30,18,24,76,20,68,22,71,1,2,22,71,0,85,0,0,94,0,0,0,0,0,1,Minna
time,tempC,tempF,windspeedMiles,windspeedKmph,winddirDegree,winddir16Point,weatherCode,weatherIconUrl,weatherDesc,precipMM,precipInches,humidity,visibility,visibilityMiles,pressure,pressureInches,cloudcover,HeatIndexC,HeatIndexF,DewPointC,DewPointF,WindChillC,WindChillF,WindGustMiles,WindGustKmph,FeelsLikeC,FeelsLikeF,chanceofrain,chanceofremdry,chanceofwindy,chanceofovercast,chanceofsunshine,chanceoffrost,chanceofhightemp,chanceoffog,chanceofsnow,chanceofthunder,uvIndex,city
2022-08-25 01:14,22,71,4,6,220,SW,113,[{'value': 'http://cdn.worldweatheronline.com/images/wsymbols01_png_64/wsymbol_0008_clear_sky_night.png'}],[{'value': 'Clear'}],0.0,0.0,90,10,6,1016,30,11,24,76,20,68,22,71,7,12,22,71,0,94,0,0,89,0,0,0,0,0,1,Abeokuta
time,tempC,tempF,windspeedMiles,windspeedKmph,winddirDegree,winddir16Point,weatherCode,weatherIconUrl,weatherDesc,precipMM,precipInches,humidity,visibility,visibilityMiles,pressure,pressureInches,cloudcover,HeatIndexC,HeatIndexF,DewPointC,DewPointF,WindChillC,WindChillF,WindGustMiles,WindGustKmph,FeelsLikeC,FeelsLikeF,chanceofrain,chanceofremdry,chanceofwindy,chanceofovercast,chanceofsunshine,chanceoffrost,chanceofhightemp,chanceoffog,chanceofsnow,chanceofthunder,uvIndex,city
2022-08-25 01:14,21,70,3,5,242,WSW,248,[{'value': 'http://cdn.worldweatheronline.com/images/wsymbols01_png_64/wsymbol_0007_fog.png'}],[{'value': 'Fog'}],0.0,0.0,98,0,0,1016,30,100,21,70,21,69,21,70,5,8,21,70,0,81,0,82,7,0,0,53,0,0,1,Akure
time,tempC,tempF,windspeedMiles,windspeedKmph,winddirDegree,winddir16Point,weatherCode,weatherIconUrl,weatherDesc,precipMM,precipInches,humidity,visibility,visibilityMiles,pressure,pressureInches,cloudcover,HeatIndexC,HeatIndexF,DewPointC,DewPointF,WindChillC,WindChillF,WindGustMiles,WindGustKmph,FeelsLikeC,FeelsLikeF,chanceofrain,chanceofremdry,chanceofwindy,chanceofovercast,chanceofsunshine,chanceoffrost,chanceofhightemp,chanceoffog,chanceofsnow,chanceofthunder,uvIndex,city
2022-08-25 01:14,20,69,4,6,208,SSW,248,[{'value': 'http://cdn.worldweatheronline.com/images/wsymbols01_png_64/wsymbol_0007_fog.png'}],[{'value': 'Fog'}],0.0,0.0,98,0,0,1016,30,100,20,69,20,68,20,69,7,12,20,69,0,88,0,87,16,0,0,92,0,0,1,Oshogbo
time,tempC,tempF,windspeedMiles,windspeedKmph,winddirDegree,winddir16Point,weatherCode,weatherIconUrl,weatherDesc,precipMM,precipInches,humidity,visibility,visibilityMiles,pressure,pressureInches,cloudcover,HeatIndexC,HeatIndexF,DewPointC,DewPointF,WindChillC,WindChillF,WindGustMiles,WindGustKmph,FeelsLikeC,FeelsLikeF,chanceofrain,chanceofremdry,chanceofwindy,chanceofovercast,chanceofsunshine,chanceoffrost,chanceofhightemp,chanceoffog,chanceofsnow,chanceofthunder,uvIndex,city
2022-08-25 01:14,21,70,3,5,216,SW,143,[{'value': 'http://cdn.worldweatheronline.com/images/wsymbols01_png_64/wsymbol_0006_mist.png'}],[{'value': 'Mist'}],0.0,0.0,95,2,1,1016,30,22,24,76,20,69,21,70,6,10,21,70,0,93,0,80,13,0,0,2,0,0,1,Ibadan
time,tempC,tempF,windspeedMiles,windspeedKmph,winddirDegree,winddir16Point,weatherCode,weatherIconUrl,weatherDesc,precipMM,precipInches,humidity,visibility,visibilityMiles,pressure,pressureInches,cloudcover,HeatIndexC,HeatIndexF,DewPointC,DewPointF,WindChillC,WindChillF,WindGustMiles,WindGustKmph,FeelsLikeC,FeelsLikeF,chanceofrain,chanceofremdry,chanceofwindy,chanceofovercast,chanceofsunshine,chanceoffrost,chanceofhightemp,chanceoffog,chanceofsnow,chanceofthunder,uvIndex,city
2022-08-25 01:14,18,64,5,8,277,W,248,[{'value': 'http://cdn.worldweatheronline.com/images/wsymbols01_png_64/wsymbol_0007_fog.png'}],[{'value': 'Fog'}],0.1,0.0,98,0,0,1017,30,100,18,64,18,64,18,64,8,12,18,64,69,0,0,82,0,0,0,72,0,0,1,Jos
time,tempC,tempF,windspeedMiles,windspeedKmph,winddirDegree,winddir16Point,weatherCode,weatherIconUrl,weatherDesc,precipMM,precipInches,humidity,visibility,visibilityMiles,pressure,pressureInches,cloudcover,HeatIndexC,HeatIndexF,DewPointC,DewPointF,WindChillC,WindChillF,WindGustMiles,WindGustKmph,FeelsLikeC,FeelsLikeF,chanceofrain,chanceofremdry,chanceofwindy,chanceofovercast,chanceofsunshine,chanceoffrost,chanceofhightemp,chanceoffog,chanceofsnow,chanceofthunder,uvIndex,city
2022-08-25 01:14,22,72,3,5,232,SW,116,[{'value': 'http://cdn.worldweatheronline.com/images/wsymbols01_png_64/wsymbol_0004_black_low_cloud.png'}],[{'value': 'Partly cloudy'}],0.0,0.0,85,10,6,1016,30,42,25,76,20,67,22,72,7,11,25,76,0,92,0,45,82,0,0,0,0,0,1,Port Harcourt
time,tempC,tempF,windspeedMiles,windspeedKmph,winddirDegree,winddir16Point,weatherCode,weatherIconUrl,weatherDesc,precipMM,precipInches,humidity,visibility,visibilityMiles,pressure,pressureInches,cloudcover,HeatIndexC,HeatIndexF,DewPointC,DewPointF,WindChillC,WindChillF,WindGustMiles,WindGustKmph,FeelsLikeC,FeelsLikeF,chanceofrain,chanceofremdry,chanceofwindy,chanceofovercast,chanceofsunshine,chanceoffrost,chanceofhightemp,chanceoffog,chanceofsnow,chanceofthunder,uvIndex,city
2022-08-25 01:14,25,76,7,11,197,SSW,116,[{'value': 'http://cdn.worldweatheronline.com/images/wsymbols01_png_64/wsymbol_0004_black_low_cloud.png'}],[{'value': 'Partly cloudy'}],0.0,0.0,81,10,6,1015,30,38,27,80,21,70,25,76,11,18,27,80,0,94,0,46,83,0,19,0,0,0,1,Sokoto
time,tempC,tempF,windspeedMiles,windspeedKmph,winddirDegree,winddir16Point,weatherCode,weatherIconUrl,weatherDesc,precipMM,precipInches,humidity,visibility,visibilityMiles,pressure,pressureInches,cloudcover,HeatIndexC,HeatIndexF,DewPointC,DewPointF,WindChillC,WindChillF,WindGustMiles,WindGustKmph,FeelsLikeC,FeelsLikeF,chanceofrain,chanceofremdry,chanceofwindy,chanceofovercast,chanceofsunshine,chanceoffrost,chanceofhightemp,chanceoffog,chanceofsnow,chanceofthunder,uvIndex,city
2022-08-25 01:14,22,71,5,8,208,SSW,353,[{'value': 'http://cdn.worldweatheronline.com/images/wsymbols01_png_64/wsymbol_0025_light_rain_showers_night.png'}],[{'value': 'Light rain shower'}],0.2,0.0,96,10,6,1014,30,100,24,76,21,70,22,71,8,13,22,71,86,0,0,87,0,0,0,11,0,0,1,Jalingo
time,tempC,tempF,windspeedMiles,windspeedKmph,winddirDegree,winddir16Point,weatherCode,weatherIconUrl,weatherDesc,precipMM,precipInches,humidity,visibility,visibilityMiles,pressure,pressureInches,cloudcover,HeatIndexC,HeatIndexF,DewPointC,DewPointF,WindChillC,WindChillF,WindGustMiles,WindGustKmph,FeelsLikeC,FeelsLikeF,chanceofrain,chanceofremdry,chanceofwindy,chanceofovercast,chanceofsunshine,chanceoffrost,chanceofhightemp,chanceoffog,chanceofsnow,chanceofthunder,uvIndex,city
2022-08-25 01:14,21,70,8,13,211,SSW,293,[{'value': 'http://cdn.worldweatheronline.com/images/wsymbols01_png_64/wsymbol_0033_cloudy_with_light_rain_night.png'}],[{'value': 'Patchy light rain'}],2.4,0.1,93,9,5,1012,30,82,24,75,20,68,21,70,12,19,21,70,76,0,0,87,0,0,0,0,0,0,1,Damaturu
time,tempC,tempF,windspeedMiles,windspeedKmph,winddirDegree,winddir16Point,weatherCode,weatherIconUrl,weatherDesc,precipMM,precipInches,humidity,visibility,visibilityMiles,pressure,pressureInches,cloudcover,HeatIndexC,HeatIndexF,DewPointC,DewPointF,WindChillC,WindChillF,WindGustMiles,WindGustKmph,FeelsLikeC,FeelsLikeF,chanceofrain,chanceofremdry,chanceofwindy,chanceofovercast,chanceofsunshine,chanceoffrost,chanceofhightemp,chanceoffog,chanceofsnow,chanceofthunder,uvIndex,city
2022-08-25 01:14,22,72,6,10,238,WSW,116,[{'value': 'http://cdn.worldweatheronline.com/images/wsymbols01_png_64/wsymbol_0004_black_low_cloud.png'}],[{'value': 'Partly cloudy'}],0.0,0.0,85,10,6,1015,30,28,25,76,20,68,22,72,11,17,25,76,0,87,0,45,78,0,0,0,0,0,1,Gusau
time,tempC,tempF,windspeedMiles,windspeedKmph,winddirDegree,winddir16Point,weatherCode,weatherIconUrl,weatherDesc,precipMM,precipInches,humidity,visibility,visibilityMiles,pressure,pressureInches,cloudcover,HeatIndexC,HeatIndexF,DewPointC,DewPointF,WindChillC,WindChillF,WindGustMiles,WindGustKmph,FeelsLikeC,FeelsLikeF,chanceofrain,chanceofremdry,chanceofwindy,chanceofovercast,chanceofsunshine,chanceoffrost,chanceofhightemp,chanceoffog,chanceofsnow,chanceofthunder,uvIndex,city
2022-08-25 01:14,21,70,1,2,355,N,116,[{'value': 'http://cdn.worldweatheronline.com/images/wsymbols01_png_64/wsymbol_0004_black_low_cloud.png'}],[{'value': 'Partly cloudy'}],0.0,0.0,92,10,6,1016,30,32,24,75,20,68,21,70,3,4,21,70,0,94,0,42,72,0,0,0,0,0,1,Abuja
